label,n_obs,raw_order,proc_order,eg_pr_pvalue,eg_pr_beta,eg_pr_coint,eg_rp_pvalue,johansen_trace_reject,johansen_beta,half_life_days
hide,4058,I(0),I(0),6.80382085020894e-09,0.9245993019181749,True,2.944706330798777e-08,True,0.9535360506931057,13.062774535114372
iron,4058,I(1),I(0),0.0026046864638380107,0.6163367113009641,True,0.0012221561047441349,True,0.7548059930716823,62.68700671906669
rune,4057,I(1),I(1),0.33997505527323446,0.6760533367983761,False,0.31381018061235144,True,0.8890443208395032,35.6784300113971
